,accuracy,precision,recall,f1,kapppa,set,modelo
0,0.8478260869565217,0.8493150684931506,0.8611111111111112,0.8551724137931035,0.6948831332912192,test,Regresi贸n logistica Est-Cod
1,0.8689547581903276,0.8907563025210085,0.8760330578512396,0.8833333333333333,0.7338908163567892,train,Regresi贸n logistica Est-Cod
0,0.8659420289855072,0.8850574712643678,0.9005847953216374,0.8927536231884058,0.7140456989247312,test,Regresi贸n logistica Cod
1,0.8611544461778471,0.8621700879765396,0.875,0.8685376661742983,0.7214472302922292,train,Regresi贸n logistica Cod
