,accuracy,precision,recall,f1,kapppa,set,modelo
2,0.8659420289855072,0.8850574712643678,0.9005847953216374,0.8927536231884058,0.7140456989247312,test,Regresión logistica Cod
3,0.8611544461778471,0.8621700879765396,0.875,0.8685376661742983,0.7214472302922292,train,Regresión logistica Cod
6,0.875,0.8938053097345132,0.9017857142857143,0.8977777777777778,0.7369467926404774,test,Decission Tree  II
7,0.859481582537517,0.836405529953917,0.9189873417721519,0.8757539203860072,0.7148797002987194,train,Decission Tree  II
