,accuracy,precision,recall,f1,kapppa,set,modelo
0,0.8913043478260869,0.9259259259259259,0.8928571428571429,0.9090909090909091,0.7740667976424361,test,Random Forest I
1,0.8826739427012278,0.8705035971223022,0.9189873417721519,0.894088669950739,0.7628063785435308,train,Random Forest I
2,0.875,0.8938053097345132,0.9017857142857144,0.8977777777777778,0.7369467926404774,test,Decission Tree  II
3,0.859481582537517,0.836405529953917,0.918987341772152,0.8757539203860072,0.7148797002987194,train,Decission Tree  II
