,MAE,MSE,RMSE,R2,set,modelo
0,2.8229908313202103,13.32265377562114,3.650021065092795,0.8390179810678488,test,Linear Regresion
1,2.848103930500092,14.453550501408053,3.8017825426249794,0.8218218891229527,train,LinearRegression
