,MAE,MSE,RMSE,R2,set,modelo
0,2.8866643465788284,13.768914291778575,3.710648769659906,0.8370928160768383,test,Linear Regresion
1,2.822864483066393,14.303049938976704,3.7819373261566227,0.8227234932798939,train,LinearRegression
